TaskName,Question_Number,Question,multi-agent(14b+7b),multi-agent(14b+14b),multi-agent(32b+14b),multi-agent(32b+32b)
Disease gene location,Q1,List chromosome locations of the genes related to Ablepharon-macrostomia syndrome. Let's decompose the question to sub-questions and solve them step by step.,5,2,2,2
Disease gene location,Q2,List chromosome locations of the genes related to Achromatopsia. Let's decompose the question to sub-questions and solve them step by step.,2,2,2,1
Disease gene location,Q3,List chromosome locations of the genes related to Acrocallosal syndrome. Let's decompose the question to sub-questions and solve them step by step.,5,2,2,2
Disease gene location,Q4,List chromosome locations of the genes related to B-cell immunodeficiency. Let's decompose the question to sub-questions and solve them step by step.,3,1,2,2
Disease gene location,Q5,List chromosome locations of the genes related to Bile acid malabsorption. Let's decompose the question to sub-questions and solve them step by step.,5,2,2,2
Disease gene location,Q6,List chromosome locations of the genes related to Brody myopathy. Let's decompose the question to sub-questions and solve them step by step.,5,2,2,2
Disease gene location,Q7,List chromosome locations of the genes related to Buschke-Ollendorff syndrome. Let's decompose the question to sub-questions and solve them step by step.,5,2,2,2
Disease gene location,Q8,List chromosome locations of the genes related to Chronic atrial and intestinal dysrhythmia. Let's decompose the question to sub-questions and solve them step by step.,5,4,3,1
Disease gene location,Q9,List chromosome locations of the genes related to Cleft palate with ankyloglossia. Let's decompose the question to sub-questions and solve them step by step.,2,2,2,2
Disease gene location,Q10,List chromosome locations of the genes related to Cone dystrophy. Let's decompose the question to sub-questions and solve them step by step.,2,2,2,2
Disease gene location,Q11,List chromosome locations of the genes related to Congenital disorder of deglycosylation. Let's decompose the question to sub-questions and solve them step by step.,2,2,2,2
Disease gene location,Q12,List chromosome locations of the genes related to Corneal fleck dystrophy. Let's decompose the question to sub-questions and solve them step by step.,5,2,2,2
Disease gene location,Q13,List chromosome locations of the genes related to Currarino syndrome. Let's decompose the question to sub-questions and solve them step by step.,5,5,5,5
Disease gene location,Q14,List chromosome locations of the genes related to Distal renal tubular acidosis. Let's decompose the question to sub-questions and solve them step by step.,5,2,2,2
Disease gene location,Q15,List chromosome locations of the genes related to EDICT syndrome. Let's decompose the question to sub-questions and solve them step by step.,2,2,2,2
Disease gene location,Q16,List chromosome locations of the genes related to Gastrointestinal defects and immunodeficiency syndrome. Let's decompose the question to sub-questions and solve them step by step.,5,2,2,2
Disease gene location,Q17,List chromosome locations of the genes related to Glycine N-methyltransferase deficiency. Let's decompose the question to sub-questions and solve them step by step.,5,2,2,2
Disease gene location,Q18,List chromosome locations of the genes related to Haim-Munk syndrome. Let's decompose the question to sub-questions and solve them step by step.,5,3,3,2
Disease gene location,Q19,List chromosome locations of the genes related to Hemolytic anemia due to phosphofructokinase deficiency. Let's decompose the question to sub-questions and solve them step by step.,5,2,3,2
Disease gene location,Q20,List chromosome locations of the genes related to Holt-Oram syndrome. Let's decompose the question to sub-questions and solve them step by step.,5,2,2,2
Disease gene location,Q21,List chromosome locations of the genes related to Hyperphenylalaninemia. Let's decompose the question to sub-questions and solve them step by step.,5,2,2,2
Disease gene location,Q22,List chromosome locations of the genes related to Immunodeficiency due to defect in MAPBP-interacting protein. Let's decompose the question to sub-questions and solve them step by step.,5,5,2,5
Disease gene location,Q23,List chromosome locations of the genes related to Immunodeficiency with inflammatory disease and congenital thrombocytopenia. Let's decompose the question to sub-questions and solve them step by step.,5,2,2,2
Disease gene location,Q24,List chromosome locations of the genes related to Intervertebral disc disease. Let's decompose the question to sub-questions and solve them step by step.,5,2,2,2
Disease gene location,Q25,List chromosome locations of the genes related to Intracranial hemorrhage in brain cerebrovascular malformations. Let's decompose the question to sub-questions and solve them step by step.,5,2,2,2
Disease gene location,Q26,List chromosome locations of the genes related to Leukoencephalopathy with dystonia and motor neuropathy. Let's decompose the question to sub-questions and solve them step by step.,5,5,5,5
Disease gene location,Q27,List chromosome locations of the genes related to Lichtenstein-Knorr syndrome. Let's decompose the question to sub-questions and solve them step by step.,5,2,2,2
Disease gene location,Q28,List chromosome locations of the genes related to Liver failure. Let's decompose the question to sub-questions and solve them step by step.,5,2,2,2
Disease gene location,Q29,List chromosome locations of the genes related to Medullary thyroid carcinoma. Let's decompose the question to sub-questions and solve them step by step.,5,2,2,2
Disease gene location,Q30,List chromosome locations of the genes related to Meesmann corneal dystrophy. Let's decompose the question to sub-questions and solve them step by step.,2,2,3,2
Disease gene location,Q31,List chromosome locations of the genes related to Mitochondrial DNA depletion syndrome 4A Alpers type. Let's decompose the question to sub-questions and solve them step by step.,5,5,5,2
Disease gene location,Q32,List chromosome locations of the genes related to Multiple system atrophy. Let's decompose the question to sub-questions and solve them step by step.,2,2,2,2
Disease gene location,Q33,List chromosome locations of the genes related to Nephropathy due to CFHR5 deficiency. Let's decompose the question to sub-questions and solve them step by step.,2,2,2,2
Disease gene location,Q34,List chromosome locations of the genes related to Neurodevelopmental disorder with gait disturbance. Let's decompose the question to sub-questions and solve them step by step.,2,2,2,2
Disease gene location,Q35,List chromosome locations of the genes related to Neurodevelopmental disorder with nonspecific brain abnormalities and with or without seizures. Let's decompose the question to sub-questions and solve them step by step.,5,2,2,3
Disease gene location,Q36,List chromosome locations of the genes related to Orofaciodigital syndrome XIV. Let's decompose the question to sub-questions and solve them step by step.,5,2,2,2
Disease gene location,Q37,List chromosome locations of the genes related to Otofaciocervical syndrome. Let's decompose the question to sub-questions and solve them step by step.,5,2,2,2
Disease gene location,Q38,List chromosome locations of the genes related to Pigmented nodular adrenocortical disease. Let's decompose the question to sub-questions and solve them step by step.,5,2,2,1
Disease gene location,Q39,List chromosome locations of the genes related to Proteasome-associated autoinflammatory syndrome. Let's decompose the question to sub-questions and solve them step by step.,5,2,2,2
Disease gene location,Q40,List chromosome locations of the genes related to Pseudohypoparathyroidism Ic. Let's decompose the question to sub-questions and solve them step by step.,5,2,3,2
Disease gene location,Q41,List chromosome locations of the genes related to Sensorineural deafness with mild renal dysfunction. Let's decompose the question to sub-questions and solve them step by step.,5,5,2,2
Disease gene location,Q42,List chromosome locations of the genes related to Sialidosis. Let's decompose the question to sub-questions and solve them step by step.,5,2,2,2
Disease gene location,Q43,List chromosome locations of the genes related to Siddiqi syndrome. Let's decompose the question to sub-questions and solve them step by step.,5,5,2,2
Disease gene location,Q44,List chromosome locations of the genes related to Spinal muscular atrophy with congenital bone fractures. Let's decompose the question to sub-questions and solve them step by step.,3,2,1,2
Disease gene location,Q45,List chromosome locations of the genes related to Split-foot malformation with mesoaxial polydactyly. Let's decompose the question to sub-questions and solve them step by step.,5,2,2,3
Disease gene location,Q46,List chromosome locations of the genes related to Spondylocarpotarsal synostosis syndrome. Let's decompose the question to sub-questions and solve them step by step.,2,2,2,2
Disease gene location,Q47,List chromosome locations of the genes related to Superoxide dismutase. Let's decompose the question to sub-questions and solve them step by step.,2,1,1,1
Disease gene location,Q48,List chromosome locations of the genes related to Trichoepithelioma. Let's decompose the question to sub-questions and solve them step by step.,5,2,2,2
Disease gene location,Q49,List chromosome locations of the genes related to Type diabetes mellitus. Let's decompose the question to sub-questions and solve them step by step.,5,2,2,2
Disease gene location,Q50,List chromosome locations of the genes related to Vascular malformation. Let's decompose the question to sub-questions and solve them step by step.,5,2,2,2
average,,,4.26,2.38,2.24,2.14
SNP gene function,Q1,What is the function of the gene associated with SNP rs1015227? Let's decompose the question to sub-questions and solve them step by step.,5,5,2,2
SNP gene function,Q2,What is the function of the gene associated with SNP rs1022906840? Let's decompose the question to sub-questions and solve them step by step.,2,2,2,5
SNP gene function,Q3,What is the function of the gene associated with SNP rs1029002401? Let's decompose the question to sub-questions and solve them step by step.,0,2,2,1
SNP gene function,Q4,What is the function of the gene associated with SNP rs1032834815? Let's decompose the question to sub-questions and solve them step by step.,2,2,2,1
SNP gene function,Q5,What is the function of the gene associated with SNP rs1035892430? Let's decompose the question to sub-questions and solve them step by step.,2,2,2,2
SNP gene function,Q6,What is the function of the gene associated with SNP rs1037441458? Let's decompose the question to sub-questions and solve them step by step.,5,5,5,5
SNP gene function,Q7,What is the function of the gene associated with SNP rs1044115387? Let's decompose the question to sub-questions and solve them step by step.,5,2,2,5
SNP gene function,Q8,What is the function of the gene associated with SNP rs1053827498? Let's decompose the question to sub-questions and solve them step by step.,2,2,2,5
SNP gene function,Q9,What is the function of the gene associated with SNP rs1161130206? Let's decompose the question to sub-questions and solve them step by step.,2,2,1,1
SNP gene function,Q10,What is the function of the gene associated with SNP rs1188606225? Let's decompose the question to sub-questions and solve them step by step.,2,2,2,2
SNP gene function,Q11,What is the function of the gene associated with SNP rs1199372758? Let's decompose the question to sub-questions and solve them step by step.,2,1,2,3
SNP gene function,Q12,What is the function of the gene associated with SNP rs1201372088? Let's decompose the question to sub-questions and solve them step by step.,2,2,2,2
SNP gene function,Q13,What is the function of the gene associated with SNP rs1217074595? Let's decompose the question to sub-questions and solve them step by step.,5,5,2,1
SNP gene function,Q14,What is the function of the gene associated with SNP rs1218214598? Let's decompose the question to sub-questions and solve them step by step.,5,5,5,5
SNP gene function,Q15,What is the function of the gene associated with SNP rs1241371358? Let's decompose the question to sub-questions and solve them step by step.,2,2,2,5
SNP gene function,Q16,What is the function of the gene associated with SNP rs1255093658? Let's decompose the question to sub-questions and solve them step by step.,2,2,5,1
SNP gene function,Q17,What is the function of the gene associated with SNP rs1257276516? Let's decompose the question to sub-questions and solve them step by step.,5,5,5,5
SNP gene function,Q18,What is the function of the gene associated with SNP rs1278530438? Let's decompose the question to sub-questions and solve them step by step.,2,2,2,1
SNP gene function,Q19,What is the function of the gene associated with SNP rs1281200566? Let's decompose the question to sub-questions and solve them step by step.,2,2,2,2
SNP gene function,Q20,What is the function of the gene associated with SNP rs1294482311? Let's decompose the question to sub-questions and solve them step by step.,5,2,5,5
SNP gene function,Q21,What is the function of the gene associated with SNP rs1303680136? Let's decompose the question to sub-questions and solve them step by step.,2,2,2,5
SNP gene function,Q22,What is the function of the gene associated with SNP rs1318850293? Let's decompose the question to sub-questions and solve them step by step.,2,2,2,1
SNP gene function,Q23,What is the function of the gene associated with SNP rs1324451169? Let's decompose the question to sub-questions and solve them step by step.,2,2,2,2
SNP gene function,Q24,What is the function of the gene associated with SNP rs1350154096? Let's decompose the question to sub-questions and solve them step by step.,5,5,5,5
SNP gene function,Q25,What is the function of the gene associated with SNP rs1385096481? Let's decompose the question to sub-questions and solve them step by step.,5,2,2,5
SNP gene function,Q26,What is the function of the gene associated with SNP rs1396355441? Let's decompose the question to sub-questions and solve them step by step.,2,2,2,2
SNP gene function,Q27,What is the function of the gene associated with SNP rs1431266687? Let's decompose the question to sub-questions and solve them step by step.,2,2,2,1
SNP gene function,Q28,What is the function of the gene associated with SNP rs1432624213? Let's decompose the question to sub-questions and solve them step by step.,2,2,5,1
SNP gene function,Q29,What is the function of the gene associated with SNP rs1450106117? Let's decompose the question to sub-questions and solve them step by step.,2,2,2,2
SNP gene function,Q30,What is the function of the gene associated with SNP rs1452964195? Let's decompose the question to sub-questions and solve them step by step.,2,2,2,5
SNP gene function,Q31,What is the function of the gene associated with SNP rs1481036795? Let's decompose the question to sub-questions and solve them step by step.,2,2,2,3
SNP gene function,Q32,What is the function of the gene associated with SNP rs149916046? Let's decompose the question to sub-questions and solve them step by step.,5,5,5,1
SNP gene function,Q33,What is the function of the gene associated with SNP rs34083046? Let's decompose the question to sub-questions and solve them step by step.,2,2,2,1
SNP gene function,Q34,What is the function of the gene associated with SNP rs4704888? Let's decompose the question to sub-questions and solve them step by step.,2,2,2,1
SNP gene function,Q35,What is the function of the gene associated with SNP rs552952471? Let's decompose the question to sub-questions and solve them step by step.,2,2,2,2
SNP gene function,Q36,What is the function of the gene associated with SNP rs563369098? Let's decompose the question to sub-questions and solve them step by step.,2,5,5,5
SNP gene function,Q37,What is the function of the gene associated with SNP rs577757681? Let's decompose the question to sub-questions and solve them step by step.,2,2,2,1
SNP gene function,Q38,What is the function of the gene associated with SNP rs745325402? Let's decompose the question to sub-questions and solve them step by step.,2,2,2,1
SNP gene function,Q39,What is the function of the gene associated with SNP rs745940901? Let's decompose the question to sub-questions and solve them step by step.,2,2,2,1
SNP gene function,Q40,What is the function of the gene associated with SNP rs900408143? Let's decompose the question to sub-questions and solve them step by step.,2,2,2,1
SNP gene function,Q41,What is the function of the gene associated with SNP rs900532834? Let's decompose the question to sub-questions and solve them step by step.,2,2,2,1
SNP gene function,Q42,What is the function of the gene associated with SNP rs900745020? Let's decompose the question to sub-questions and solve them step by step.,2,2,2,3
SNP gene function,Q43,What is the function of the gene associated with SNP rs902730377? Let's decompose the question to sub-questions and solve them step by step.,5,5,5,5
SNP gene function,Q44,What is the function of the gene associated with SNP rs910422326? Let's decompose the question to sub-questions and solve them step by step.,2,2,2,1
SNP gene function,Q45,What is the function of the gene associated with SNP rs937944577? Let's decompose the question to sub-questions and solve them step by step.,2,2,2,5
SNP gene function,Q46,What is the function of the gene associated with SNP rs949202492? Let's decompose the question to sub-questions and solve them step by step.,2,2,2,2
SNP gene function,Q47,What is the function of the gene associated with SNP rs979970652? Let's decompose the question to sub-questions and solve them step by step.,2,2,2,2
SNP gene function,Q48,What is the function of the gene associated with SNP rs979980368? Let's decompose the question to sub-questions and solve them step by step.,1,1,2,2
SNP gene function,Q49,What is the function of the gene associated with SNP rs983419152? Let's decompose the question to sub-questions and solve them step by step.,5,2,5,5
SNP gene function,Q50,What is the function of the gene associated with SNP rs996319727? Let's decompose the question to sub-questions and solve them step by step.,2,2,2,2
average,,,2.66,2.5,2.64,2.66
sequence gene alias,Q1,What are the aliases of the gene that contains this sequnece:AAGACTGCGAGCTCCCCGCACCCCCTCGCACTCCCTCTGGCCGGCCCAGGGCGCCTTCAGCCCAACCTCCCCAGCCCCACGGGCGCCACGGAACCCGCTCGATCTCGCCGCCA. Let's decompose the question to sub-questions and solve them step by step.,2,5,2,2
sequence gene alias,Q2,What are the aliases of the gene that contains this sequnece:ACGTGGCCGGGGTGGGACCTCAGGCGACCTGCGACCATCACTTTGTCTCCTCCTTCCTCCTTTGGGGCCGCCACCGCCAATCAGAGCCAGCGGATCCTGGTTGGAGTGCGACC. Let's decompose the question to sub-questions and solve them step by step.,5,3,2,2
sequence gene alias,Q3,What are the aliases of the gene that contains this sequnece:ACTAGCCCCAAGAACAAAAGAGGCACAGGTGGGAACAACTCTCCCAAAACCAGGACTGGGAGCATGGCCAAACTTCATAGTGAGCTTACTTGCCTCTGACACACAAGGCAGCA. Let's decompose the question to sub-questions and solve them step by step.,1,3,2,2
sequence gene alias,Q4,What are the aliases of the gene that contains this sequnece:ACTTCCAACATGGCGGCGGCCGGGGCGGCGGTGGCGCGCAGCCCGGGAATCGGAGCGGGACCTGCGCTGAGAGCCCGGCGCTCGCCCCCGCCGCGGGCCGCACGGCTGCCGCG. Let's decompose the question to sub-questions and solve them step by step.,3,3,2,2
sequence gene alias,Q5,What are the aliases of the gene that contains this sequnece:AGAACTCTGCGCTACTGCCCACGCATCTCACAAAGTCTACTACGCCGCGCGTTCTCGGTTTCAACGCACCTCCAGGATTCAGGGCTTCCTAAGCTGCAATTCAGCAGGGCTCC. Let's decompose the question to sub-questions and solve them step by step.,5,3,2,2
sequence gene alias,Q6,What are the aliases of the gene that contains this sequnece:AGAAGAGCCAAAACAGGAACCGAGGTGGCAAATCACTGTGCGAGGGCGAGTGGACCTCCCTCTTTGCCTCCTCCCTGTTCCAGGAGCTGGTGCCCTGGGCTCTGCGCTGTTGT. Let's decompose the question to sub-questions and solve them step by step.,5,5,2,2
sequence gene alias,Q7,What are the aliases of the gene that contains this sequnece:AGAAGGAGCGAAACATCTTTGAGCAAGATGGGTCTCTACCGCATCCGCGTGTCCACTGGGGCCTCGCTCTATGCCGGTTCCAACAACCAGGTGCAGCTGTGGCTGGTCGGCCA. Let's decompose the question to sub-questions and solve them step by step.,3,3,2,2
sequence gene alias,Q8,What are the aliases of the gene that contains this sequnece:AGACGTGAAGCCTAGCAGAGGACTTTTTAGCTGCTCACTGGCCCCGCTTGTCTGGCCGACTCATCCGCCCGCGACCCCTAATCCCCTCTGCCTGCCCCAAGATGCTGAAGCCA. Let's decompose the question to sub-questions and solve them step by step.,2,2,2,2
sequence gene alias,Q9,What are the aliases of the gene that contains this sequnece:AGAGCCCAGCCCAGCACGGTCTCCGGGGATGTAGCTGGTGGGACAGTGAGCAGAGGGCTGGGCCCTGTGCCTGGGGACTGTGGCCTGGAGGCTGAGCAGGAGCTGAGGAGGGG. Let's decompose the question to sub-questions and solve them step by step.,3,2,2,2
sequence gene alias,Q10,What are the aliases of the gene that contains this sequnece:AGAGCGGCCCCGGAGCGGCCGCAGCGCGGTGGTCTCGGCCCGGCTGCGCCAGAGTCCGCGCGATGGAGCCCCGGCCGCGGCGGCGGCGCAGGAGTCGCCCCCTGGTCGCCGCC. Let's decompose the question to sub-questions and solve them step by step.,1,3,2,2
sequence gene alias,Q11,What are the aliases of the gene that contains this sequnece:AGATCTGCTTCTCCCCGGCTCGGGGCGCCGAGGCGGCGTCCGGGAGGTGTCTTCTGCAAAGGTTGCCTGGCGCTGTCCAACATGGAGGAGGCACCGGCAGCGGGCGTTACCTG. Let's decompose the question to sub-questions and solve them step by step.,2,2,2,2
sequence gene alias,Q12,What are the aliases of the gene that contains this sequnece:AGATGTGAGTCCTCAATGAGCTATAACCACAGCCATAAATATCTCTCAAAGATGAGGAACATTCTCATGATGTTGACACTGCAATTTTTTGACAATTTCCCAACACTCTTAAG. Let's decompose the question to sub-questions and solve them step by step.,1,2,2,2
sequence gene alias,Q13,What are the aliases of the gene that contains this sequnece:AGATTTGCTCTGATTCTGACAATGCAGTGGGTATCAGAGCTCAGGTCCAGAGGAAAAGCCTGGAGTGAGTGAGGCTGCGAGCTTCCTCTTCAGAACTCTGCATGCTTATCGGG. Let's decompose the question to sub-questions and solve them step by step.,5,3,2,2
sequence gene alias,Q14,What are the aliases of the gene that contains this sequnece:AGCGGGAAGACCATCTCTGCAAGTGCAGCATAGCCTCGGCCTAGGACAGCGGGAGTGCGTGGCCAAAGCTGTGAGCAGAGGCACAGGTGGTGGCAGACAGTAGAGGCGCCCCA. Let's decompose the question to sub-questions and solve them step by step.,5,3,3,2
sequence gene alias,Q15,What are the aliases of the gene that contains this sequnece:AGCTCCCCGCCGGGCTCGCGCCGCAGAGGCCGGTGAGGCGCCGGCGGCCACGCCGCGGAAGGCGCGGGCCGAGCAGAGCCGGGCGTTGGAGCCCGCGCGCGCATGGAGGCGTT. Let's decompose the question to sub-questions and solve them step by step.,2,3,2,2
sequence gene alias,Q16,What are the aliases of the gene that contains this sequnece:AGCTGCCAGCACGCGCAGAAGGCGGACGCAGGCGGGGCGGAAGTGGGCCCGGCGGGCTGGGGCGGCGGGAGTGCGGGTGGGCGTTTAAAGGGGCCTTCGGCACCCAGGTCGGT. Let's decompose the question to sub-questions and solve them step by step.,5,5,4,5
sequence gene alias,Q17,What are the aliases of the gene that contains this sequnece:AGGATTCCTGGAGTCTCCGGAGGGTGCCTTTGGCCTCTGGGATTCACCCGAGCCGTTGGCTTTTGCTCCCCCCACCCCACCCCCTGGCTTTTCTTGGCTTGGAGGGCAGCTGG. Let's decompose the question to sub-questions and solve them step by step.,1,3,2,2
sequence gene alias,Q18,What are the aliases of the gene that contains this sequnece:AGGCTACCAAAGTCGCTGGTAGCCTGGACCCTGAGTTCACCGATCCTTCCTACTCAGTAATATCTACAGGTAAGTCCAAAGGGAAATTGCTTTGGGAATCTGACAATTTAACT. Let's decompose the question to sub-questions and solve them step by step.,5,3,2,2
sequence gene alias,Q19,What are the aliases of the gene that contains this sequnece:AGTCAAGTGACGCGAAGCGGCCGGCCTGGGCGCCGACTGCAGAGCCGGGAGGCTGGTGGTCATGCCGGGGTTCCTGGTTCGCATCCTCCCTCTGTTGCTGGTTCTGCTGCTTC. Let's decompose the question to sub-questions and solve them step by step.,1,3,2,2
sequence gene alias,Q20,What are the aliases of the gene that contains this sequnece:AGTTGGCCGCTCCGGCCTGTGGGGCTACATCCCTGCTGCCGGCCAGGCGCGGCCCGCGGGACCCCGAGTGTAGCGCCATGGCCCGGGAGAGGCCGCCCGGGAGGGGCTGCGGC. Let's decompose the question to sub-questions and solve them step by step.,3,2,2,2
sequence gene alias,Q21,What are the aliases of the gene that contains this sequnece:ATCGATCACAGGCTCACAACGCCCTTCCATTCATCGCTCTTATTCCAGTCCTGGTTACTACCCCACTTCCTGACATCAAACCAGGGAGAACGCGAGTGTTAGTTAACATGGCT. Let's decompose the question to sub-questions and solve them step by step.,1,3,2,2
sequence gene alias,Q22,What are the aliases of the gene that contains this sequnece:ATCTGCTCTGACTTCCCCAGGACGTGTCTGTGCTCCTGTGTGTGACCAGGGTGAGTGGCAACCTGGGAGCCAGAGGGCACAGGGGAATGGGAAGATTAAGGGAGGCTTCAGAG. Let's decompose the question to sub-questions and solve them step by step.,5,3,2,2
sequence gene alias,Q23,What are the aliases of the gene that contains this sequnece:ATGACGCGCGGCCGCGCCTGGGGGATGCGGCGGGCGGCGGCGGGGGCGGGCGGAGCGCGGGCGGCGGGGCCAACTGGGGGCGCCTCTCGCCTGCACCCCAATGCGGGACGCAG. Let's decompose the question to sub-questions and solve them step by step.,2,3,2,1
sequence gene alias,Q24,What are the aliases of the gene that contains this sequnece:ATGCTCAGTAGCCGCGGCGCTGCTGCTGGGCTGCTGGGCTGGCGCGGAGTCCACCCTGCCGTCTCCGCCTTGGCTTCTGGGCGTCCAGAAGGCCAGGCATTTGCCGCCTCTGA. Let's decompose the question to sub-questions and solve them step by step.,3,3,2,2
sequence gene alias,Q25,What are the aliases of the gene that contains this sequnece:ATGCTTCATTACACCCTTCATGGAAGCTGGCACACTCGCCCCACCCTCGTTTTCCACGGGCCAGTCTTGGAGGAAAAGGCCAGCAGGTAGGTTCCCAGGGCACGGAGATGATG. Let's decompose the question to sub-questions and solve them step by step.,5,3,2,2
sequence gene alias,Q26,What are the aliases of the gene that contains this sequnece:ATGGCTTTGCCTAGAAGCCAAGGCCATTGGTCCAACAAAGACATCTTGAGGTTACTGGAATGCATGGAGAATAATCGCCCATCTGATGACAACAGCACGTTTAGCTCAACTCA. Let's decompose the question to sub-questions and solve them step by step.,5,3,2,2
sequence gene alias,Q27,What are the aliases of the gene that contains this sequnece:ATTACTCAGCTTTTCATCTGCTGTGTTGAAAGCCAACTTATCATTTTTCACATTATTGTATACATCTAAAAGACATCATAAACGAAGACTGGAAGTGAAAACTGAAAAACTGA. Let's decompose the question to sub-questions and solve them step by step.,2,3,5,2
sequence gene alias,Q28,What are the aliases of the gene that contains this sequnece:ATTGTGAGAGTAACCAACGTGGGGTTACGGGGGAGAATCTGGAGAGAAGAGAAGAGGTTAACAACCCTCCCACTTCCTGGCCACCCCCCTCCACCTTTTCTGGTAAGGAGCCC. Let's decompose the question to sub-questions and solve them step by step.,1,3,2,2
sequence gene alias,Q29,What are the aliases of the gene that contains this sequnece:CATGGCCACCCCTGCAGCAGTTACAACACTAAGAGCTCGTTCTTTTGCATCCTCTGTAAGTCCCAGGGCCAAGGGAGGGGAGCCTAGGCTATATTGGACCTAGATAGGAAGAG. Let's decompose the question to sub-questions and solve them step by step.,5,4,2,2
sequence gene alias,Q30,What are the aliases of the gene that contains this sequnece:CATTTCACCAGCCCAGGCTGGCTTCTGCTGTTGACTGGCTGTGGCACCTCAAGCAGCCCCTTTCCCCTCTAGCCTCAGTTTATCACCGCAAGAGCTACCATTCATCTAGCACA. Let's decompose the question to sub-questions and solve them step by step.,1,3,2,2
sequence gene alias,Q31,What are the aliases of the gene that contains this sequnece:CCCGCGCGGTAGCAGCCAACGCCGGCCCCAGGCGGGTGCGCTGGGAGCCTGGGCCGGGAGCCGGGTGAGGGCGCCGAGAGGCTCGGTGGGCGCGGGCGGCGAGGTGAGCTGGG. Let's decompose the question to sub-questions and solve them step by step.,3,3,2,2
sequence gene alias,Q32,What are the aliases of the gene that contains this sequnece:CCTTTTAGTATCCAATTATCTGAAACTTAAGAAGAGTGTGCACCGCCCAATGGGTGTGTGTATGTGCTGCTTTGAACCTATAGTTGAGATCCAGAGAATTGGGAGTGACATCA. Let's decompose the question to sub-questions and solve them step by step.,1,4,2,2
sequence gene alias,Q33,What are the aliases of the gene that contains this sequnece:CTCTTTCTTAAGTCATTCGAAACACTGTCCCTGCGAGTTCTTTAAGTTCCCTGCAATCTGTACACAAGAGAAAGAGGGAGAGAGAGAGGGAGAGAGACAGAGAGAGCAGGGAT. Let's decompose the question to sub-questions and solve them step by step.,5,3,2,2
sequence gene alias,Q34,What are the aliases of the gene that contains this sequnece:CTTCCAGGCTAAGTCCATCTTCCGGCTTGGGCAGACGCTGCCGCGGAATCCTTGACTCTAGTTTTCTGAGTCGGTGAGTGAGTGCAAAGTAGATTCCTCAGGTGGAGGGTGCC. Let's decompose the question to sub-questions and solve them step by step.,5,3,2,2
sequence gene alias,Q35,What are the aliases of the gene that contains this sequnece:CTTCCCCAAGCCAACGTCTCCGCCGTCGGCTCCGCGGCGCCGCCATGGCCGACGTGGAAGACGGAGAGGAAACCTGCGCCCTGGCCTCTCACTCCGGGAGCTCAGGCTCCAAG. Let's decompose the question to sub-questions and solve them step by step.,2,3,2,2
sequence gene alias,Q36,What are the aliases of the gene that contains this sequnece:GCACAAGCCGGCCTTGAAATCAGAGCCTTTCCAGCAACTCCGAGAGCGTGTGCTCGGCGACCGCGGGCTTGGCCAGCGGCGCGCGCTCGGCGCCCCGGCGCCCCCAGCCCCAC. Let's decompose the question to sub-questions and solve them step by step.,1,2,2,2
sequence gene alias,Q37,What are the aliases of the gene that contains this sequnece:GCACACGTACGTTCCTCATGAAAGGGACGACGGGAGCTGCATGAAAGCCGAAGTTATGGACCGCTAGCATCTGTCACTGGCCACCGGTTTCCGGGAGTAAGCGGCAGCTACCT. Let's decompose the question to sub-questions and solve them step by step.,3,3,2,2
sequence gene alias,Q38,What are the aliases of the gene that contains this sequnece:GCAGGCGCTGGCTGGCAGGTGTCGCTAACCGGACGGTGGTCGCCAGGGCGAGAGGCGGGAGCCGGAGAGGTGAGGCAGGACCCGGGCTCCACTGCCGCCTCTCCGAGCTCTTG. Let's decompose the question to sub-questions and solve them step by step.,3,2,3,2
sequence gene alias,Q39,What are the aliases of the gene that contains this sequnece:GCATTGTGGGTTCTCCTGGAGCTGTGGAGTTGATCCTGAATGAAAGTGGCGCGCCGCCCCTGACGTTACCCGGATCGGAGAGGTTGGAATTCAGATTACGGCTGCGATTCGGG. Let's decompose the question to sub-questions and solve them step by step.,5,3,2,2
sequence gene alias,Q40,What are the aliases of the gene that contains this sequnece:GCCATTTTGGATTGTGTGAGTTTCCGGGACGTTCGGAGGGTGGCCTCTCTCCCACCGGGTTCCGCATACCCCAGGCACCGGCCCGCATCCAAGTGTCAGGTTGGAGCCGGGAA. Let's decompose the question to sub-questions and solve them step by step.,1,3,2,2
sequence gene alias,Q41,What are the aliases of the gene that contains this sequnece:GCCGGCGCGCTTGCGCAGTAGCTGAACGCGGGCGTTTCTTTCCTCCCTTTTTTTCGAATTGGTTTTGGGGGTAGATTCGAGTTACAAAATGGCCGCCCGGAGCGTGTTCGGCG. Let's decompose the question to sub-questions and solve them step by step.,1,3,2,2
sequence gene alias,Q42,What are the aliases of the gene that contains this sequnece:GCTTACGCCACGGCGTCTGCTGGCGGCCGCGGAGACGCAGAGTCTTGAGCAGCGCGGCAGGTGAGTAGCTGTGCGAATTCGGTTCTCTAGGGAGCTCCTTCTTCGCCTGCTGG. Let's decompose the question to sub-questions and solve them step by step.,1,3,5,2
sequence gene alias,Q43,What are the aliases of the gene that contains this sequnece:GGAAGAGGCCCCAGCACTGACCTCCGTGGGGGTGGAGATGAGGAGGATGGAAAGGGTGTCTTCCTCCAGCATCTTCCTGAAGGTGAAGGAGGGGCACCTTGGGGTGTCTAAGA. Let's decompose the question to sub-questions and solve them step by step.,3,3,2,2
sequence gene alias,Q44,What are the aliases of the gene that contains this sequnece:GGGACTTTGCAGGCAGCGGCGGCCGGGGGCGGAGCGGGATCGAGCCCTCGCCGAGGCCTGCCGCCATGGGCCCGCGCCGCCGCCGCCGCCTGTCACCCGGGCCGCGCGGGCCG. Let's decompose the question to sub-questions and solve them step by step.,1,2,2,2
sequence gene alias,Q45,What are the aliases of the gene that contains this sequnece:GTAGATGGAACTGGTAGTCAGCTGGAGAGCAGCATGGAGGCGTCCTGGGGGAGCTTCAACGCTGAGCGGGGCTGGTATGTCTCTGTCCAGCAGCCTGAAGAAGCGGAGGCCGA. Let's decompose the question to sub-questions and solve them step by step.,2,3,2,2
sequence gene alias,Q46,What are the aliases of the gene that contains this sequnece:GTCGGCCCTGCGGGCCTCTCTCCGTCGCCATGGAAACGAAAGCGGCCAAGTAGAGCTCCGTCCTGACGCGCCGCCTCCCGTGGGCTCCGGCCGGCTAAGCCGCGGCGGACAAC. Let's decompose the question to sub-questions and solve them step by step.,2,3,2,2
sequence gene alias,Q47,What are the aliases of the gene that contains this sequnece:GTTGTACAGAAAATTGCTGTTGGGATGAAGCTTTGCAGCCTTGCAGTCCTTGTACCCATTGTTCTCTTCTGTGAGCAGCATGTCTTCGCGTTTCAGAGGTAACCCAATAGAA. Let's decompose the question to sub-questions and solve them step by step.,5,3,2,2
sequence gene alias,Q48,What are the aliases of the gene that contains this sequnece:GTTTGTTTACTTGGCGAGACTTGGAGCTGAGGTCATTTGGAGCTGTTTAATACTGAAGAGCTGTTGAGCACTGGAAAGTGCTGTGTAACCCTGGAAAAGAACCGTGTAACGCT. Let's decompose the question to sub-questions and solve them step by step.,5,3,2,2
sequence gene alias,Q49,What are the aliases of the gene that contains this sequnece:GTTTTTCAGCTCACTTCAAGGGTACCTGAAGCGAATTGGCACCAAAGCAGCAGCTGTATTGCCGCAGTTCTAGCTTCACCTTCACGATGTTTCCCTTGGTCAAAAGCGCACTA. Let's decompose the question to sub-questions and solve them step by step.,1,2,2,2
sequence gene alias,Q50,What are the aliases of the gene that contains this sequnece:TCTTCCTCCAGCTGTTCCCACAGGCTCCATTATTCAAACTTTGGGGGAGGAAATCAGGGCTGGACAGATCATCAACTGCTGCTGCTGACAGACTGTGTTCCTGCCATGATGGG. Let's decompose the question to sub-questions and solve them step by step.,5,3,2,2
average,,,2.9,2.98,2.2,2.04